{
  "train_loss": [
    2.582610555186248,
    2.3715852654908893,
    2.2923884492750637,
    2.217686958456869,
    2.1615856208262785,
    2.036026502351834,
    1.8012286132423168,
    1.5732501925876512,
    1.3492380291862354,
    1.1955999852437686
  ],
  "train_acc": [
    19.807304503697065,
    26.910150123235493,
    29.397266412726864,
    31.473597729479422,
    33.18395697961013,
    37.060273358727315,
    44.2079318843827,
    50.36970647546493,
    57.3903951004556,
    62.2974083202629
  ],
  "val_loss": [
    2.3930530836699226,
    2.3491062008460735,
    2.2934948890579574,
    2.2956752583895583,
    2.2911273946518373,
    2.1600675238164864,
    2.1203732690958668,
    2.1156991951884083,
    2.156068264997158,
    2.2334326929747856
  ],
  "val_acc": [
    25.958305312710156,
    26.429051782111635,
    29.253530598520513,
    29.791526563550775,
    29.522528581035644,
    34.364492266308005,
    36.65097511768662,
    37.92871553463349,
    37.25622057834566,
    36.3147276395427
  ]
}